{
  "self-research agenda": {
    "reward": 0.8639000841982897,
    "count": 13,
    "hash": "c2b93f6261c6e372"
  },
  "async resilience": {
    "reward": 0.0008142067989552236,
    "count": 18,
    "hash": "df087996d45b03e7"
  }
}